0.0,0.0,0.0,0.0,0.0
0.0,0.0,0.0,0.0,0.0
0.0,0.0,0.0,0.0,0.0
0.0,0.0,0.0,0.0,0.0
0.0,0.0,0.0,0.0,0.0
0.0,0.0,0.0,0.0,0.0
0.0,0.0,0.0,0.0,0.0
0.0,0.0,0.0,0.0,0.0
0.0,0.0,0.0,0.0,0.0
0.0,0.0,0.0,0.0,0.0
0.0,0.0,0.0,0.0,0.0
0.0,0.0,0.0,0.0,0.0
0.0,0.0,0.0,0.0,0.0
0.0,0.0,0.0,0.0,0.0
0.0,0.0,0.0,0.0,0.0
0.0,0.0,0.0,0.0,0.0
0.0,0.0,0.0,0.0,0.0
0.0,0.0,0.0,0.0,0.0
0.0,0.0,0.0,0.0,0.0
0.0,0.0,0.0,0.0,0.0
0.0,0.0,0.0,0.0,0.0
0.0,0.0,0.0,0.0,0.0
0.0,0.0,0.0,0.0,0.0
0.0,0.0,0.0,0.0,0.0
0.0,0.0,0.0,0.0,0.0
0.0,0.0,0.0,0.0,0.0
0.0,0.0,0.0,0.0,0.0
0.0,0.0,0.0,0.0,0.0
0.0,0.0,0.0,0.0,0.0
0.0,0.0,0.0,0.0,0.0
0.723,0.455,0.441,0.003,0.066
0.743,0.443,0.475,0.083,0.016
0.705,0.458,0.523,0.054,0.096
0.748,0.509,0.454,0.0,0.057
0.711,0.465,0.442,0.055,0.092
0.694,0.454,0.511,0.087,0.014
0.757,0.457,0.43,0.055,0.048
0.684,0.521,0.511,0.073,0.034
0.741,0.432,0.483,0.097,0.024
0.7,0.469,0.473,0.048,0.013
0.745,0.475,0.495,0.056,0.083
0.76,0.434,0.517,0.098,0.05
0.69,0.52,0.453,0.032,0.065
0.773,0.435,0.452,0.092,0.024
0.756,0.457,0.473,0.028,0.005
0.724,0.469,0.479,0.001,0.075
0.718,0.424,0.485,0.007,0.044
0.732,0.462,0.472,0.008,0.059
0.725,0.489,0.449,0.041,0.054
0.723,0.429,0.498,0.084,0.077
0.764,0.434,0.483,0.079,0.086
0.049,0.356,0.913,0.021,0.047
0.046,0.37,0.966,0.059,0.077
0.015,0.343,0.957,0.023,0.039
0.029,0.42,0.93,0.032,0.048
0.015,0.407,0.971,0.022,0.083
0.019,0.401,0.923,0.086,0.04
0.0,0.363,0.888,0.077,0.076
0.0,0.381,0.931,0.052,0.066
0.047,0.352,0.918,0.02,0.015
0.05,0.402,0.899,0.047,0.054
0.0,0.374,0.887,0.09,0.063
0.0,0.416,0.887,0.068,0.078
0.0,0.347,0.885,0.027,0.038
0.05,0.425,0.961,0.03,0.048
0.026,0.394,0.887,0.022,0.085
0.043,0.379,0.888,0.047,0.09
0.048,0.366,0.908,0.036,0.027
0.0,0.421,0.915,0.081,0.075
0.001,0.413,0.901,0.06,0.033
0.035,0.425,0.915,0.038,0.092
0.0,0.35,0.89,0.085,0.08
0.023,0.349,0.963,0.053,0.087
0.0,0.363,0.899,0.067,0.021
0.029,0.381,0.949,0.028,0.061
0.0,0.43,0.924,0.026,0.033
0.0,0.348,0.956,0.055,0.073
0.0,0.418,0.933,0.071,0.021
0.0,0.424,0.935,0.084,0.004
0.0,0.43,0.882,0.002,0.042
0.026,0.372,0.921,0.086,0.028
0.027,0.397,0.944,0.039,0.053
0.0,0.353,0.886,0.006,0.006
0.021,0.383,0.89,0.034,0.075
0.014,0.375,0.976,0.043,0.092
0.0,0.401,0.9,0.045,0.013
0.007,0.419,0.898,0.018,0.06
0.0,0.426,0.908,0.032,0.04
0.0,0.371,0.883,0.043,0.084
0.0,0.361,0.914,0.048,0.076
0.0,0.344,0.948,0.099,0.072
0.04,0.414,0.898,0.057,0.016
0.933,0.015,0.824,0.783,0.099
0.95,0.089,0.816,0.784,0.032
0.956,0.066,0.885,0.724,0.077
0.995,0.081,0.852,0.797,0.001
0.976,0.061,0.821,0.736,0.03
0.977,0.004,0.888,0.761,0.028
0.941,0.063,0.832,0.781,0.092
1.0,0.065,0.823,0.747,0.033
0.939,0.068,0.905,0.732,0.045
1.0,0.0,0.895,0.772,0.025
0.955,0.079,0.878,0.788,0.022
0.99,0.016,0.838,0.778,0.045
0.941,0.01,0.912,0.722,0.029
0.983,0.048,0.822,0.75,0.006
0.937,0.058,0.901,0.745,0.054
0.952,0.05,0.827,0.717,0.037
0.991,0.082,0.858,0.785,0.017
0.935,0.027,0.827,0.732,0.043
0.979,0.026,0.906,0.739,0.089
0.93,0.024,0.82,0.773,0.013
1.0,0.074,0.849,0.699,0.069
0.987,0.071,0.884,0.736,0.001
0.798,0.069,0.452,0.343,0.052
0.807,0.007,0.517,0.401,0.094
0.758,0.047,0.541,0.344,0.04
0.744,0.088,0.478,0.347,0.1
0.776,0.053,0.448,0.372,0.009
0.815,0.06,0.483,0.346,0.053
0.812,0.02,0.517,0.332,0.08
0.805,0.085,0.533,0.394,0.086
0.817,0.097,0.534,0.333,0.08
0.814,0.076,0.443,0.371,0.004
0.796,0.065,0.517,0.385,0.007
0.747,0.012,0.525,0.375,0.091
0.744,0.095,0.448,0.405,0.058
0.822,0.046,0.496,0.348,0.051
0.779,0.011,0.465,0.371,0.05
0.749,0.048,0.462,0.379,0.094
0.772,0.067,0.525,0.358,0.043
0.751,0.006,0.499,0.334,0.042
0.154,0.268,0.089,0.021,0.686
0.177,0.356,0.054,0.087,0.734
0.108,0.29,0.046,0.033,0.699
0.157,0.292,0.081,0.099,0.666
0.169,0.27,0.043,0.057,0.751
0.174,0.285,0.009,0.086,0.744
0.16,0.299,0.013,0.046,0.687
0.196,0.319,0.091,0.047,0.744
0.174,0.305,0.032,0.001,0.715
0.127,0.269,0.05,0.085,0.736
0.137,0.33,0.059,0.077,0.721
0.162,0.347,0.024,0.037,0.721
0.136,0.358,0.04,0.036,0.757
0.117,0.313,0.024,0.062,0.683
0.191,0.288,0.019,0.098,0.709
0.187,0.356,0.072,0.001,0.752
0.167,0.355,0.066,0.048,0.733
0.174,0.354,0.005,0.078,0.709
0.166,0.332,0.028,0.057,0.678
0.177,0.306,0.054,0.015,0.7
0.177,0.263,0.045,0.044,0.754
0.141,0.357,0.081,0.067,0.75
0.174,0.339,0.062,0.059,0.7
0.117,0.341,0.062,0.034,0.745
0.139,0.321,0.022,0.078,0.674
0.15,0.353,0.021,0.026,0.704
0.169,0.286,0.043,0.079,0.668
0.19,0.294,0.078,0.06,0.679
0.161,0.327,0.061,0.005,0.704
0.164,0.338,0.075,0.052,0.701
0.137,0.355,0.048,0.058,0.737
0.165,0.284,0.099,0.075,0.709
0.11,0.29,0.056,0.007,0.73
0.201,0.316,0.096,0.065,0.682
0.121,0.26,0.021,0.049,0.716
0.185,0.289,0.049,0.068,0.752
0.156,0.352,0.088,0.027,0.732
0.061,0.601,0.787,0.037,0.021
0.056,0.584,0.767,0.076,0.025
0.075,0.611,0.758,0.043,0.07
0.003,0.594,0.721,0.01,0.008
0.061,0.594,0.747,0.075,0.008
0.067,0.623,0.787,0.07,0.082
0.0,0.646,0.803,0.096,0.013
0.065,0.563,0.722,0.038,0.061
0.048,0.606,0.781,0.084,0.026
0.078,0.552,0.786,0.034,0.037
0.018,0.587,0.746,0.015,0.032
0.006,0.634,0.812,0.041,0.086
0.068,0.556,0.769,0.023,0.096
0.0,0.634,0.719,0.031,0.066
0.07,0.597,0.793,0.024,0.076
0.029,0.643,0.756,0.018,0.06
0.062,0.583,0.811,0.082,0.085
0.0,0.566,0.743,0.009,0.028
0.851,0.066,0.705,0.898,0.083
0.826,0.014,0.686,0.938,0.021
0.851,0.023,0.663,0.922,0.062
0.842,0.089,0.646,0.887,0.031
0.813,0.064,0.65,0.958,0.017
0.887,0.097,0.671,0.931,0.074
0.844,0.026,0.657,0.949,0.02
0.879,0.001,0.707,0.875,0.056
0.856,0.071,0.676,0.92,0.067
0.905,0.04,0.707,0.953,0.01
0.877,0.095,0.723,0.913,0.02
0.875,0.062,0.653,0.945,0.002
0.879,0.028,0.675,0.905,0.004
0.852,0.017,0.669,0.895,0.011
0.906,0.002,0.731,0.938,0.074
0.856,0.017,0.647,0.952,0.003
0.874,0.045,0.662,0.893,0.093
0.905,0.016,0.679,0.914,0.085
0.898,0.043,0.649,0.88,0.026
0.856,0.005,0.681,0.891,0.051
0.887,0.076,0.717,0.885,0.074
0.913,0.066,0.694,0.919,0.088
0.904,0.038,0.739,0.861,0.048
0.844,0.069,0.672,0.929,0.037
0.888,0.006,0.704,0.869,0.036
0.858,0.036,0.691,0.902,0.012
0.88,0.006,0.693,0.874,0.024
0.892,0.034,0.659,0.916,0.044
0.912,0.062,0.727,0.866,0.009
0.856,0.027,0.702,0.895,0.044
0.827,0.028,0.698,0.954,0.082
0.825,0.062,0.717,0.867,0.026
0.821,0.01,0.708,0.958,0.057
0.82,0.006,0.708,0.957,0.084
0.844,0.03,0.678,0.95,0.007
0.852,0.026,0.735,0.902,0.077
0.882,0.042,0.65,0.893,0.019
0.862,0.085,0.733,0.877,0.02
0.879,0.005,0.701,0.88,0.027
0.901,0.017,0.688,0.901,0.093
0.843,0.041,0.652,0.92,0.02
0.911,0.017,0.743,0.869,0.03
0.823,0.071,0.739,0.926,0.055
0.85,0.013,0.7,0.866,0.048
0.828,0.088,0.692,0.908,0.073
0.144,0.043,0.64,0.508,0.046
0.159,0.038,0.603,0.423,0.022
0.222,0.054,0.649,0.512,0.005
0.205,0.043,0.611,0.431,0.066
0.234,0.082,0.609,0.457,0.009
0.204,0.043,0.626,0.429,0.021
0.171,0.036,0.631,0.445,0.017
0.17,0.03,0.658,0.446,0.001
0.224,0.081,0.594,0.491,0.055
0.169,0.035,0.576,0.502,0.032
0.233,0.099,0.625,0.499,0.047
0.142,0.004,0.646,0.493,0.054
0.213,0.051,0.583,0.46,0.067
0.185,0.025,0.629,0.465,0.062
0.158,0.053,0.581,0.455,0.073
0.178,0.019,0.627,0.49,0.006
0.176,0.056,0.623,0.485,0.026
0.173,0.085,0.647,0.455,0.036
0.153,0.042,0.587,0.467,0.006
0.171,0.051,0.576,0.502,0.08
0.214,0.098,0.61,0.496,0.018
0.165,0.079,0.564,0.437,0.099
0.069,0.692,0.05,0.073,0.883
0.093,0.675,0.099,0.069,0.889
0.092,0.65,0.087,0.064,0.891
0.156,0.669,0.072,0.009,0.92
0.072,0.628,0.074,0.088,0.886
0.149,0.626,0.056,0.069,0.853
0.138,0.604,0.062,0.025,0.895
0.142,0.651,0.025,0.05,0.85
0.076,0.608,0.01,0.045,0.937
0.125,0.684,0.057,0.048,0.884
0.165,0.695,0.001,0.054,0.932
0.16,0.643,0.053,0.041,0.899
0.095,0.618,0.06,0.058,0.894
0.135,0.652,0.05,0.094,0.849
0.234,0.877,0.447,0.045,0.007
0.23,0.857,0.441,0.096,0.075
0.219,0.838,0.452,0.025,0.094
0.248,0.848,0.439,0.096,0.069
0.174,0.808,0.411,0.006,0.089
0.218,0.821,0.438,0.005,0.081
0.163,0.813,0.477,0.063,0.063
0.227,0.818,0.405,0.032,0.064
0.224,0.845,0.42,0.002,0.022
0.164,0.82,0.447,0.022,0.002
0.215,0.865,0.488,0.0,0.001
0.239,0.826,0.457,0.013,0.086
0.2,0.847,0.479,0.021,0.097
0.252,0.872,0.42,0.012,0.074
0.103,0.499,0.623,0.064,0.01
0.127,0.471,0.613,0.045,0.008
0.094,0.514,0.635,0.074,0.062
0.084,0.472,0.628,0.003,0.014
0.07,0.519,0.653,0.069,0.067
0.048,0.562,0.634,0.01,0.003
0.077,0.478,0.603,0.046,0.036
0.06,0.532,0.601,0.015,0.074
0.061,0.481,0.66,0.099,0.07
0.042,0.54,0.623,0.021,0.006
0.063,0.505,0.597,0.083,0.094
0.087,0.536,0.616,0.029,0.018
0.113,0.489,0.642,0.038,0.049
0.081,0.502,0.669,0.001,0.024
0.903,0.375,0.834,0.099,0.009
0.901,0.385,0.928,0.049,0.07
0.886,0.31,0.858,0.017,0.013
0.854,0.36,0.864,0.083,0.007
0.86,0.402,0.88,0.045,0.057
0.91,0.333,0.879,0.088,0.068
0.898,0.35,0.847,0.072,0.012
0.903,0.394,0.852,0.084,0.091
0.917,0.378,0.882,0.073,0.014
0.851,0.313,0.859,0.032,0.006
0.887,0.379,0.843,0.035,0.068
0.904,0.377,0.874,0.023,0.068
0.844,0.335,0.854,0.043,0.063
0.835,0.349,0.905,0.043,0.057
0.841,0.361,0.852,0.004,0.009
0.868,0.342,0.845,0.069,0.068
0.878,0.404,0.906,0.026,0.076
0.838,0.375,0.876,0.092,0.037
0.859,0.32,0.863,0.097,0.055
0.916,0.39,0.863,0.082,0.04
0.914,0.353,0.9,0.094,0.038
0.24,0.399,0.077,0.072,0.711
0.234,0.447,0.085,0.062,0.667
0.227,0.394,0.043,0.026,0.675
0.186,0.437,0.013,0.064,0.72
0.201,0.445,0.059,0.058,0.706
0.25,0.401,0.049,0.022,0.689
0.194,0.405,0.075,0.014,0.717
0.26,0.396,0.053,0.014,0.697
0.192,0.444,0.064,0.079,0.661
0.237,0.399,0.094,0.025,0.663
0.264,0.485,0.007,0.025,0.712
0.21,0.485,0.028,0.007,0.674
0.176,0.45,0.066,0.019,0.653
0.262,0.399,0.085,0.022,0.733
0.195,0.447,0.038,0.09,0.715
0.234,0.42,0.062,0.019,0.724
0.204,0.492,0.053,0.064,0.677
0.185,0.488,0.052,0.04,0.643
0.227,0.414,0.052,0.03,0.697
0.234,0.397,0.096,0.019,0.658
0.205,0.472,0.059,0.058,0.651
0.173,0.408,0.053,0.037,0.729
0.254,0.396,0.016,0.02,0.677
0.243,0.402,0.081,0.076,0.689
0.203,0.402,0.033,0.014,0.67
0.214,0.413,0.096,0.093,0.73
0.167,0.469,0.019,0.018,0.663
0.198,0.446,0.077,0.075,0.674
0.252,0.44,0.038,0.046,0.656
0.229,0.493,0.046,0.001,0.729
0.171,0.43,0.048,0.044,0.663
0.228,0.418,0.027,0.013,0.647
0.228,0.398,0.089,0.005,0.684
0.178,0.467,0.065,0.054,0.737
0.23,0.395,0.049,0.086,0.695
0.257,0.402,0.049,0.09,0.734
0.258,0.453,0.093,0.083,0.68
0.195,0.412,0.063,0.052,0.648
0.206,0.486,0.083,0.005,0.681
0.207,0.402,0.022,0.031,0.739
0.231,0.46,0.036,0.03,0.658
0.25,0.43,0.046,0.037,0.705
0.253,0.485,0.073,0.016,0.676
0.252,0.406,0.073,0.02,0.646
0.221,0.44,0.043,0.003,0.7
0.262,0.466,0.066,0.065,0.661
0.252,0.488,0.002,0.079,0.711
0.224,0.473,0.009,0.036,0.726
0.26,0.444,0.002,0.089,0.734
0.228,0.433,0.077,0.057,0.656
0.223,0.404,0.02,0.062,0.672
0.167,0.396,0.098,0.099,0.649
0.757,0.862,0.017,0.076,0.59
0.722,0.889,0.01,0.054,0.578
0.714,0.925,0.012,0.058,0.546
0.766,0.863,0.027,0.063,0.561
0.743,0.913,0.084,0.066,0.546
0.699,0.934,0.009,0.08,0.534
0.776,0.873,0.068,0.039,0.595
0.722,0.896,0.013,0.016,0.58
0.69,0.868,0.004,0.06,0.6
0.781,0.885,0.082,0.086,0.574
0.723,0.899,0.074,0.052,0.538
0.765,0.881,0.086,0.044,0.533
0.782,0.855,0.052,0.045,0.524
0.757,0.922,0.089,0.061,0.553
0.686,0.886,0.098,0.079,0.537
0.774,0.885,0.008,0.069,0.557
0.782,0.85,0.008,0.059,0.57
0.737,0.87,0.023,0.062,0.555
0.768,0.885,0.077,0.071,0.594
0.736,0.921,0.012,0.044,0.542
0.768,0.857,0.035,0.064,0.551
0.734,0.925,0.097,0.088,0.525
0.698,0.881,0.043,0.059,0.538
0.757,0.911,0.028,0.067,0.588
0.75,0.872,0.084,0.065,0.597
0.705,0.879,0.005,0.063,0.618
0.755,0.939,0.012,0.035,0.61
0.738,0.921,0.096,0.004,0.528
0.78,0.923,0.086,0.014,0.591
0.756,0.916,0.062,0.044,0.544
0.687,0.903,0.004,0.034,0.551
0.737,0.922,0.098,0.046,0.592
0.779,0.927,0.075,0.008,0.566
0.742,0.852,0.032,0.078,0.598
0.733,0.896,0.034,0.027,0.622
0.733,0.86,0.07,0.008,0.559
0.759,0.849,0.031,0.05,0.616
0.744,0.925,0.001,0.002,0.563
0.131,0.624,0.031,0.055,0.423
0.143,0.651,0.029,0.095,0.351
0.156,0.676,0.005,0.045,0.405
0.124,0.607,0.028,0.017,0.386
0.07,0.684,0.027,0.085,0.36
0.092,0.668,0.069,0.023,0.381
0.133,0.593,0.01,0.044,0.407
0.144,0.605,0.055,0.022,0.42
0.091,0.677,0.079,0.012,0.35
0.083,0.688,0.056,0.048,0.355
0.122,0.685,0.011,0.048,0.377
0.142,0.668,0.085,0.084,0.325
0.083,0.638,0.039,0.047,0.419
0.084,0.658,0.071,0.091,0.356
0.079,0.624,0.021,0.076,0.354
0.099,0.656,0.062,0.049,0.421
0.089,0.643,0.096,0.078,0.364
0.155,0.655,0.071,0.018,0.382
0.127,0.648,0.083,0.084,0.406
0.137,0.652,0.098,0.066,0.377
0.104,0.679,0.019,0.078,0.326
0.094,0.602,0.041,0.032,0.392
0.102,0.672,0.063,0.096,0.394
0.08,0.651,0.034,0.072,0.361
0.136,0.612,0.069,0.091,0.4
0.092,0.654,0.058,0.03,0.412
0.12,0.689,0.047,0.018,0.356
0.164,0.616,0.084,0.047,0.328
0.153,0.646,0.098,0.099,0.39
0.102,0.593,0.082,0.042,0.406
0.676,0.578,0.447,0.049,0.09
0.737,0.598,0.407,0.003,0.005
0.687,0.566,0.4,0.053,0.098
0.661,0.525,0.452,0.019,0.036
0.685,0.556,0.413,0.038,0.088
0.74,0.539,0.43,0.076,0.06
0.682,0.569,0.383,0.057,0.035
0.724,0.545,0.381,0.043,0.063
0.663,0.531,0.37,0.097,0.1
0.748,0.53,0.436,0.057,0.032
0.652,0.613,0.402,0.1,0.05
0.692,0.568,0.387,0.007,0.067
0.748,0.611,0.388,0.023,0.021
0.72,0.57,0.43,0.086,0.039
0.739,0.589,0.414,0.081,0.063
0.69,0.526,0.448,0.015,0.064
0.659,0.543,0.373,0.017,0.092
0.739,0.53,0.447,0.01,0.096
0.748,0.058,0.597,0.359,0.015
0.722,0.057,0.688,0.274,0.036
0.735,0.024,0.667,0.269,0.016
0.674,0.086,0.654,0.303,0.075
0.75,0.093,0.694,0.279,0.078
0.692,0.007,0.602,0.285,0.082
0.693,0.083,0.629,0.304,0.034
0.754,0.078,0.681,0.33,0.017
0.751,0.082,0.651,0.278,0.061
0.734,0.087,0.598,0.295,0.021
0.747,0.024,0.63,0.347,0.004
0.67,0.006,0.638,0.328,0.011
0.675,0.094,0.602,0.276,0.076
0.709,0.083,0.597,0.362,0.074
0.681,0.05,0.644,0.303,0.006
0.742,0.059,0.604,0.353,0.064
0.709,0.0,0.626,0.269,0.054
0.674,0.011,0.683,0.353,0.038
0.739,0.025,0.616,0.271,0.086
0.693,0.09,0.65,0.32,0.091
0.698,0.048,0.654,0.28,0.036
0.719,0.072,0.683,0.359,0.053
0.677,0.046,0.693,0.269,0.04
0.737,0.08,0.618,0.338,0.091
0.708,0.098,0.644,0.286,0.008
0.69,0.051,0.624,0.302,0.093
0.742,0.005,0.676,0.291,0.021
0.663,0.038,0.646,0.337,0.074
0.719,0.083,0.681,0.336,0.03
0.735,0.055,0.677,0.278,0.07
0.738,0.008,0.604,0.291,0.062
0.706,0.099,0.641,0.277,0.027
0.725,0.043,0.629,0.269,0.056
0.71,0.025,0.623,0.274,0.042
0.72,0.087,0.62,0.333,0.013
0.659,0.004,0.672,0.352,0.055
0.739,0.002,0.619,0.341,0.024
0.663,0.025,0.611,0.287,0.078
0.673,0.024,0.646,0.304,0.061
0.709,0.06,0.679,0.349,0.017
0.689,0.02,0.664,0.282,0.089
0.714,0.057,0.613,0.353,0.096
0.678,0.079,0.675,0.316,0.051
0.702,0.038,0.623,0.284,0.038
0.722,0.094,0.633,0.311,0.01
0.721,0.06,0.681,0.346,0.011
0.671,0.035,0.678,0.357,0.038
0.717,0.098,0.684,0.273,0.015
0.662,0.009,0.61,0.307,0.054
0.702,0.02,0.629,0.359,0.036
0.755,0.06,0.656,0.313,0.021
0.675,0.035,0.677,0.363,0.062
0.73,0.023,0.618,0.301,0.037
0.685,0.027,0.685,0.316,0.011
0.752,0.019,0.672,0.357,0.095
0.727,0.087,0.629,0.341,0.095
0.756,0.014,0.642,0.283,0.035
0.742,0.056,0.673,0.348,0.083
0.109,0.037,0.791,0.806,0.068
0.089,0.084,0.843,0.788,0.05
0.099,0.02,0.753,0.858,0.097
0.104,0.076,0.84,0.864,0.032
0.182,0.054,0.758,0.869,0.092
0.106,0.079,0.826,0.861,0.094
0.132,0.002,0.801,0.864,0.08
0.182,0.001,0.778,0.857,0.069
0.174,0.057,0.758,0.817,0.092
0.169,0.03,0.753,0.872,0.059
0.184,0.004,0.836,0.801,0.027
0.062,0.698,0.859,0.033,0.044
0.031,0.704,0.906,0.034,0.084
0.072,0.659,0.875,0.018,0.001
0.092,0.651,0.875,0.025,0.062
0.041,0.668,0.917,0.092,0.077
0.025,0.697,0.851,0.022,0.032
0.094,0.692,0.833,0.022,0.083
0.09,0.725,0.851,0.077,0.058
0.092,0.724,0.841,0.069,0.097
0.07,0.705,0.832,0.084,0.033
0.096,0.636,0.834,0.06,0.071
0.026,0.651,0.892,0.031,0.036
0.011,0.695,0.901,0.041,0.076
0.099,0.696,0.879,0.056,0.054
0.077,0.668,0.831,0.005,0.026
0.035,0.699,0.862,0.043,0.002
0.056,0.685,0.905,0.081,0.022
0.01,0.721,0.908,0.002,0.02
0.025,0.638,0.861,0.07,0.052
0.031,0.677,0.91,0.048,0.062
0.048,0.654,0.874,0.092,0.096
0.043,0.697,0.917,0.02,0.07
0.051,0.709,0.864,0.025,0.069
0.071,0.682,0.881,0.033,0.075
0.067,0.646,0.894,0.048,0.074
0.086,0.683,0.832,0.003,0.076
0.089,0.713,0.835,0.047,0.083
0.018,0.729,0.89,0.094,0.081
0.089,0.705,0.824,0.046,0.093
0.703,0.592,0.001,0.079,0.38
0.737,0.59,0.053,0.066,0.418
0.793,0.671,0.077,0.003,0.452
0.705,0.643,0.02,0.052,0.381
0.767,0.65,0.02,0.053,0.422
0.785,0.66,0.097,0.006,0.444
0.776,0.647,0.057,0.001,0.4
0.762,0.61,0.002,0.055,0.39
0.769,0.657,0.085,0.093,0.456
0.794,0.671,0.047,0.087,0.431
0.742,0.654,0.029,0.068,0.404
0.704,0.613,0.046,0.044,0.377
0.752,0.591,0.014,0.084,0.436
0.764,0.602,0.026,0.004,0.441
0.7,0.676,0.045,0.003,0.467
0.783,0.637,0.029,0.093,0.41
0.766,0.627,0.028,0.035,0.398
0.711,0.677,0.099,0.013,0.371
0.734,0.659,0.033,0.067,0.433
0.76,0.617,0.061,0.099,0.407
0.705,0.638,0.045,0.004,0.414
0.768,0.66,0.018,0.018,0.412
0.768,0.647,0.047,0.007,0.385
0.7,0.598,0.021,0.035,0.464
0.79,0.596,0.087,0.068,0.443
0.75,0.652,0.045,0.094,0.408
0.748,0.627,0.031,0.085,0.381
0.783,0.67,0.047,0.014,0.462
0.776,0.645,0.075,0.025,0.395
0.787,0.604,0.059,0.085,0.386
0.724,0.676,0.002,0.043,0.423
0.78,0.672,0.001,0.065,0.37
0.793,0.633,0.028,0.075,0.389
0.706,0.605,0.02,0.049,0.374
0.707,0.622,0.044,0.075,0.464
0.761,0.631,0.057,0.071,0.375
0.749,0.654,0.073,0.073,0.397
0.738,0.621,0.091,0.024,0.379
0.765,0.587,0.02,0.042,0.388
0.779,0.594,0.021,0.092,0.432
0.775,0.681,0.027,0.073,0.443
0.793,0.667,0.086,0.016,0.464
0.796,0.607,0.097,0.039,0.432
0.772,0.647,0.033,0.041,0.411
0.762,0.629,0.071,0.052,0.447
0.707,0.592,0.016,0.071,0.461
0.75,0.6,0.04,0.06,0.399
0.703,0.616,0.088,0.017,0.37
0.748,0.679,0.027,0.078,0.382
0.795,0.584,0.065,0.077,0.459
0.738,0.619,0.028,0.072,0.376
0.742,0.617,0.074,0.096,0.436
0.751,0.654,0.057,0.047,0.38
0.782,0.649,0.015,0.012,0.391
0.796,0.616,0.002,0.08,0.409
0.788,0.679,0.011,0.038,0.467
0.865,0.755,0.001,0.093,0.812
0.836,0.72,0.06,0.023,0.774
0.825,0.698,0.07,0.004,0.864
0.88,0.695,0.021,0.021,0.771
0.873,0.716,0.085,0.012,0.842
0.894,0.681,0.094,0.091,0.851
0.829,0.7,0.055,0.064,0.82
0.887,0.7,0.024,0.097,0.818
0.849,0.752,0.006,0.022,0.791
0.833,0.744,0.039,0.01,0.775
0.855,0.732,0.081,0.094,0.809
0.8,0.674,0.056,0.03,0.796
0.889,0.662,0.036,0.015,0.853
0.804,0.725,0.09,0.086,0.844
0.843,0.703,0.065,0.048,0.844
0.817,0.735,0.05,0.047,0.863
0.859,0.687,0.1,0.003,0.788
0.852,0.748,0.003,0.031,0.807
0.852,0.669,0.063,0.075,0.865
0.821,0.753,0.096,0.008,0.865
0.836,0.664,0.017,0.092,0.821
0.828,0.686,0.044,0.088,0.805
0.822,0.718,0.092,0.012,0.824
0.797,0.711,0.072,0.023,0.842
0.824,0.678,0.003,0.055,0.78
0.825,0.745,0.039,0.095,0.845
0.893,0.685,0.048,0.063,0.846
0.8,0.743,0.084,0.003,0.847
0.863,0.748,0.029,0.09,0.787
0.852,0.747,0.001,0.054,0.854
0.816,0.673,0.048,0.073,0.804
0.873,0.756,0.069,0.041,0.795
0.832,0.669,0.03,0.003,0.852
0.827,0.758,0.01,0.069,0.859
0.841,0.732,0.068,0.049,0.838
0.806,0.697,0.023,0.078,0.793
0.848,0.747,0.056,0.003,0.798
0.822,0.709,0.0,0.086,0.849
0.815,0.748,0.078,0.071,0.869
0.891,0.736,0.041,0.072,0.771
0.848,0.702,0.067,0.066,0.799
0.881,0.675,0.052,0.093,0.82
0.831,0.731,0.033,0.042,0.815
0.88,0.751,0.055,0.02,0.847
0.832,0.663,0.087,0.08,0.802
0.877,0.738,0.043,0.073,0.827
0.853,0.697,0.071,0.049,0.801
0.83,0.723,0.057,0.01,0.839
0.842,0.743,0.086,0.059,0.832
0.807,0.677,0.088,0.1,0.838
0.84,0.73,0.047,0.029,0.786
0.836,0.674,0.04,0.084,0.808
0.886,0.71,0.035,0.043,0.827
0.861,0.754,0.083,0.022,0.855
0.871,0.672,0.057,0.065,0.794
0.831,0.662,0.006,0.052,0.848
0.798,0.721,0.033,0.092,0.852
0.8,0.709,0.084,0.096,0.773
0.868,0.739,0.046,0.002,0.851
0.85,0.732,0.09,0.012,0.81
0.053,0.013,0.715,0.967,0.044
0.124,0.057,0.785,0.947,0.018
0.089,0.059,0.753,0.999,0.099
0.151,0.007,0.737,0.974,0.06
0.095,0.043,0.724,0.965,0.1
0.107,0.018,0.78,0.934,0.042
0.138,0.012,0.708,0.936,0.092
0.058,0.075,0.801,0.932,0.047
0.109,0.071,0.752,0.964,0.034
0.099,0.059,0.713,0.993,0.05
0.092,0.04,0.711,0.957,0.092
0.107,0.057,0.725,0.995,0.089
0.139,0.096,0.737,0.9,0.022
0.087,0.027,0.764,0.954,0.03
0.067,0.087,0.742,0.995,0.068
0.061,0.002,0.765,0.905,0.07
0.117,0.062,0.756,0.915,0.067
0.104,0.087,0.732,0.959,0.091
0.072,0.086,0.73,0.967,0.088
0.076,0.072,0.758,0.899,0.075
0.136,0.037,0.772,0.94,0.012
0.122,0.01,0.711,0.912,0.077
0.118,0.008,0.762,0.929,0.081
0.053,0.064,0.785,0.964,0.02
0.117,0.036,0.713,0.987,0.072
0.151,0.066,0.744,0.971,0.047
0.101,0.088,0.729,0.979,0.084
0.06,0.099,0.742,0.907,0.036
0.078,0.006,0.774,0.97,0.05
0.133,0.044,0.785,0.989,0.002
0.07,0.067,0.721,0.944,0.058
0.056,0.058,0.778,0.973,0.08
0.076,0.074,0.764,0.968,0.028
0.095,0.073,0.755,0.906,0.009
0.089,0.051,0.714,0.961,0.057
0.133,0.053,0.799,0.923,0.005
0.105,0.013,0.721,0.952,0.061
0.152,0.085,0.771,0.958,0.084
0.151,0.04,0.783,0.987,0.083
0.146,0.04,0.728,0.95,0.064
0.07,0.095,0.746,0.952,0.06
0.057,0.084,0.794,0.9,0.038
0.112,0.054,0.722,0.953,0.001
0.147,0.054,0.801,0.942,0.042
0.065,0.048,0.729,0.995,0.015
0.105,0.056,0.789,0.943,0.075
0.053,0.082,0.772,0.977,0.047
0.12,0.099,0.755,0.904,0.001
0.141,0.058,0.736,0.966,0.069
0.127,0.084,0.752,0.976,0.049
0.08,0.062,0.742,0.987,0.041
0.137,0.064,0.706,0.915,0.026
0.089,0.044,0.709,0.997,0.084
0.122,0.049,0.717,0.918,0.031
0.09,0.079,0.79,0.933,0.044
0.14,0.005,0.787,0.947,0.016
0.145,0.084,0.742,0.9,0.069
0.121,0.081,0.785,0.921,0.095
0.134,0.07,0.779,0.939,0.023
0.87,0.056,0.789,0.367,0.063
0.791,0.061,0.829,0.364,0.048
0.869,0.07,0.84,0.276,0.046
0.834,0.08,0.831,0.313,0.093
0.867,0.072,0.803,0.278,0.058
0.857,0.085,0.783,0.295,0.088
0.822,0.028,0.785,0.332,0.062
0.863,0.022,0.855,0.286,0.04
0.844,0.033,0.826,0.331,0.086
0.819,0.053,0.808,0.302,0.057
0.811,0.054,0.779,0.324,0.066
0.818,0.092,0.801,0.343,0.068
0.866,0.085,0.825,0.308,0.044
0.845,0.01,0.869,0.336,0.032
0.824,0.023,0.797,0.327,0.05
0.868,0.01,0.864,0.284,0.019
0.852,0.019,0.798,0.302,0.031
0.846,0.04,0.777,0.355,0.019
0.822,0.049,0.792,0.372,0.06
0.804,0.082,0.831,0.32,0.041
0.833,0.097,0.792,0.281,0.073
0.873,0.014,0.868,0.325,0.083
0.863,0.032,0.857,0.369,0.043
0.825,0.064,0.818,0.326,0.021
0.794,0.065,0.814,0.286,0.049
0.859,0.01,0.825,0.292,0.003
0.828,0.037,0.835,0.37,0.059
0.824,0.077,0.794,0.37,0.021
0.834,0.052,0.84,0.284,0.071
0.867,0.019,0.859,0.283,0.068
0.885,0.099,0.869,0.351,0.082
0.827,0.069,0.844,0.288,0.016
0.936,0.055,0.56,0.608,0.089
0.897,0.003,0.55,0.536,0.08
0.921,0.086,0.492,0.57,0.031
0.86,0.06,0.494,0.581,0.042
0.938,0.062,0.523,0.624,0.014
0.905,0.003,0.48,0.608,0.032
0.907,0.077,0.537,0.579,0.034
0.931,0.094,0.489,0.613,0.011
0.908,0.019,0.574,0.573,0.092
0.942,0.091,0.562,0.575,0.048
0.935,0.04,0.492,0.568,0.037
0.856,0.026,0.514,0.567,0.022
0.859,0.038,0.481,0.593,0.088
0.899,0.673,0.04,0.035,0.816
0.836,0.71,0.093,0.049,0.843
0.9,0.717,0.066,0.036,0.828
0.85,0.66,0.093,0.025,0.775
0.904,0.693,0.069,0.009,0.843
0.814,0.69,0.088,0.016,0.798
0.901,0.666,0.021,0.025,0.825
0.894,0.689,0.025,0.099,0.792
0.814,0.703,0.095,0.052,0.797
0.879,0.727,0.017,0.033,0.853
0.889,0.676,0.036,0.071,0.832
0.852,0.717,0.034,0.097,0.862
0.862,0.719,0.027,0.089,0.86
0.849,0.687,0.088,0.075,0.809
0.905,0.704,0.087,0.062,0.864
0.848,0.68,0.043,0.022,0.826
0.873,0.746,0.081,0.036,0.811
0.837,0.662,0.084,0.092,0.84
0.902,0.72,0.004,0.065,0.801
0.887,0.726,0.043,0.079,0.778
0.817,0.701,0.071,0.079,0.785
0.871,0.674,0.043,0.04,0.867
0.876,0.685,0.001,0.076,0.831
0.846,0.697,0.06,0.073,0.86
0.848,0.753,0.068,0.013,0.782
0.886,0.751,0.059,0.026,0.854
0.832,0.754,0.061,0.09,0.857
0.882,0.729,0.061,0.038,0.78
0.876,0.695,0.083,0.013,0.789
0.852,0.659,0.01,0.054,0.859
0.902,0.687,0.061,0.059,0.857
0.815,0.634,0.55,0.07,0.019
0.802,0.649,0.565,0.056,0.046
0.811,0.641,0.568,0.057,0.062
0.774,0.617,0.573,0.016,0.055
0.832,0.641,0.521,0.076,0.089
0.79,0.603,0.533,0.02,0.031
0.813,0.601,0.568,0.053,0.001
0.797,0.616,0.582,0.024,0.082
0.775,0.638,0.568,0.054,0.076
0.81,0.688,0.494,0.056,0.098
0.814,0.66,0.582,0.086,0.096
0.782,0.635,0.487,0.08,0.042
0.829,0.663,0.49,0.097,0.036
0.738,0.656,0.487,0.044,0.086
0.741,0.645,0.55,0.071,0.074
0.808,0.618,0.581,0.054,0.047
0.814,0.601,0.556,0.085,0.065
0.831,0.594,0.543,0.068,0.083
0.828,0.617,0.538,0.065,0.03
0.819,0.644,0.563,0.057,0.007
0.79,0.659,0.568,0.029,0.037
0.775,0.672,0.493,0.036,0.039
0.738,0.603,0.548,0.003,0.05
0.802,0.594,0.516,0.066,0.043
0.762,0.639,0.531,0.07,0.027
0.774,0.664,0.533,0.006,0.048
0.751,0.636,0.522,0.045,0.052
0.767,0.656,0.581,0.072,0.004
0.809,0.615,0.56,0.043,0.06
0.831,0.652,0.584,0.037,0.031
0.815,0.657,0.491,0.031,0.09
0.808,0.663,0.512,0.045,0.017
0.823,0.612,0.53,0.044,0.06
0.765,0.684,0.562,0.053,0.006
0.736,0.636,0.499,0.093,0.058
0.739,0.598,0.554,0.058,0.036
0.826,0.655,0.51,0.034,0.072
0.815,0.62,0.509,0.06,0.068
0.318,0.61,0.074,0.054,0.43
0.311,0.613,0.007,0.098,0.468
0.281,0.615,0.041,0.079,0.52
0.301,0.615,0.047,0.033,0.524
0.256,0.621,0.093,0.013,0.471
0.326,0.609,0.042,0.043,0.5
0.312,0.644,0.042,0.032,0.437
0.26,0.671,0.045,0.081,0.444
0.344,0.657,0.078,0.051,0.445
0.295,0.648,0.088,0.011,0.509
0.251,0.583,0.002,0.031,0.447
0.325,0.663,0.009,0.043,0.446
0.26,0.583,0.09,0.032,0.507
0.299,0.652,0.053,0.02,0.484
0.323,0.592,0.005,0.052,0.472
0.302,0.581,0.071,0.05,0.457
0.312,0.598,0.061,0.041,0.436
0.324,0.664,0.029,0.046,0.441
0.298,0.586,0.065,0.049,0.446
0.277,0.645,0.018,0.1,0.513
0.295,0.622,0.014,0.049,0.437
0.322,0.593,0.0,0.077,0.524
0.279,0.6,0.07,0.02,0.474
0.283,0.586,0.043,0.021,0.473
0.249,0.603,0.071,0.049,0.476
0.296,0.587,0.077,0.076,0.466
0.315,0.661,0.065,0.071,0.487
0.309,0.609,0.041,0.043,0.473
0.257,0.613,0.076,0.067,0.46
0.29,0.579,0.058,0.079,0.44
0.306,0.664,0.018,0.036,0.47
0.278,0.657,0.021,0.079,0.52
0.265,0.599,0.081,0.027,0.515
0.311,0.643,0.045,0.017,0.502
0.289,0.58,0.017,0.058,0.431
0.342,0.64,0.059,0.056,0.463
0.283,0.618,0.027,0.012,0.449
0.249,0.638,0.032,0.042,0.488
0.251,0.599,0.009,0.023,0.495
0.341,0.63,0.069,0.047,0.47
0.265,0.649,0.007,0.041,0.465
0.279,0.582,0.008,0.087,0.461
0.267,0.623,0.022,0.067,0.506
0.308,0.663,0.019,0.019,0.439
0.266,0.674,0.056,0.023,0.511
0.29,0.604,0.069,0.061,0.465
0.253,0.652,0.013,0.091,0.482
0.291,0.653,0.051,0.063,0.441
0.315,0.667,0.052,0.052,0.47
0.342,0.634,0.068,0.019,0.432
0.309,0.594,0.062,0.011,0.516
0.345,0.659,0.067,0.037,0.518
0.248,0.668,0.022,0.089,0.43
0.272,0.63,0.021,0.078,0.463
0.343,0.588,0.03,0.036,0.513
0.263,0.651,0.077,0.034,0.511
0.261,0.613,0.088,0.058,0.451
0.268,0.608,0.033,0.1,0.459
1.0,0.096,0.767,0.332,0.092
0.943,0.093,0.745,0.374,0.021
1.0,0.007,0.77,0.335,0.083
0.954,0.048,0.747,0.359,0.033
0.993,0.023,0.773,0.339,0.048
0.956,0.08,0.755,0.302,0.059
1.0,0.014,0.782,0.302,0.099
1.0,0.013,0.717,0.293,0.062
1.0,0.004,0.79,0.353,0.024
0.992,0.079,0.75,0.347,0.005
1.0,0.046,0.762,0.322,0.053
0.992,0.006,0.73,0.319,0.099
0.944,0.089,0.766,0.297,0.054
0.974,0.079,0.766,0.336,0.038
0.975,0.023,0.721,0.341,0.094
1.0,0.02,0.779,0.363,0.062
1.0,0.06,0.745,0.357,0.052
0.955,0.025,0.717,0.376,0.059
0.993,0.044,0.718,0.332,0.052
1.0,0.069,0.696,0.365,0.038
0.949,0.083,0.78,0.3,0.054
0.977,0.072,0.712,0.373,0.035
0.99,0.046,0.72,0.388,0.0
1.0,0.069,0.719,0.334,0.081
0.964,0.004,0.743,0.382,0.035
0.978,0.003,0.737,0.375,0.085
0.983,0.046,0.706,0.363,0.075
0.971,0.052,0.721,0.321,0.005
0.989,0.099,0.697,0.341,0.081
1.0,0.017,0.713,0.37,0.084
0.994,0.036,0.768,0.314,0.005
1.0,0.056,0.72,0.321,0.083
0.954,0.094,0.745,0.387,0.086
0.954,0.075,0.763,0.358,0.034
0.945,0.006,0.711,0.358,0.008
0.952,0.098,0.701,0.383,0.028
0.968,0.043,0.761,0.347,0.061
1.0,0.061,0.733,0.322,0.064
0.26,0.962,0.854,0.053,0.005
0.21,0.931,0.789,0.036,0.018
0.214,1.0,0.829,0.088,0.042
0.175,0.951,0.802,0.013,0.091
0.267,0.939,0.811,0.09,0.044
0.189,0.987,0.822,0.042,0.017
0.252,0.991,0.795,0.068,0.06
0.236,1.0,0.828,0.042,0.004
0.237,0.939,0.859,0.074,0.067
0.197,1.0,0.786,0.041,0.045
0.262,0.97,0.86,0.016,0.034
0.24,0.943,0.85,0.0,0.091
0.209,1.0,0.843,0.003,0.072
0.264,1.0,0.807,0.084,0.006
0.174,1.0,0.794,0.019,0.024
0.244,0.996,0.838,0.037,0.096
0.178,0.992,0.797,0.099,0.005
0.173,1.0,0.79,0.073,0.016
0.263,0.999,0.832,0.046,0.068
0.267,1.0,0.868,0.06,0.02
0.198,0.975,0.783,0.002,0.029
0.229,0.947,0.834,0.041,0.057
0.265,1.0,0.847,0.015,0.009
0.246,1.0,0.809,0.076,0.079
0.18,1.0,0.789,0.093,0.002
0.221,1.0,0.832,0.073,0.009
0.262,0.99,0.799,0.045,0.088
0.228,0.962,0.81,0.083,0.002
0.26,1.0,0.814,0.044,0.056
0.23,0.949,0.85,0.08,0.02
0.224,0.971,0.829,0.07,0.029
0.181,0.959,0.869,0.015,0.087
0.206,1.0,0.873,0.003,0.016
0.174,1.0,0.796,0.036,0.008
0.187,0.978,0.822,0.057,0.081
0.19,1.0,0.781,0.044,0.014
0.195,0.953,0.852,0.055,0.042
0.214,1.0,0.831,0.044,0.074
0.2,0.972,0.847,0.053,0.007
0.253,0.939,0.833,0.095,0.017
0.265,0.965,0.794,0.04,0.071
0.259,1.0,0.786,0.001,0.05
0.239,0.936,0.828,0.064,0.018
0.22,0.964,0.828,0.011,0.001
0.246,0.939,0.792,0.036,0.081
0.185,1.0,0.819,0.001,0.01
0.249,1.0,0.826,0.08,0.044
0.189,0.93,0.783,0.064,0.035
0.249,0.995,0.83,0.003,0.013
0.251,1.0,0.786,0.024,0.039
0.251,0.931,0.824,0.034,0.063
0.211,0.928,0.783,0.047,0.039
0.707,0.748,0.499,0.017,0.003
0.732,0.734,0.512,0.035,0.039
0.683,0.786,0.509,0.068,0.035
0.705,0.778,0.57,0.004,0.096
0.689,0.708,0.565,0.007,0.012
0.704,0.733,0.542,0.077,0.066
0.7,0.784,0.54,0.017,0.097
0.739,0.792,0.523,0.085,0.064
0.721,0.753,0.541,0.098,0.066
0.684,0.738,0.535,0.061,0.094
0.689,0.781,0.534,0.017,0.063
0.698,0.769,0.497,0.052,0.028
0.748,0.711,0.575,0.027,0.052
0.714,0.776,0.568,0.033,0.0
0.735,0.789,0.49,0.088,0.043
0.727,0.772,0.562,0.076,0.056
0.684,0.735,0.503,0.077,0.021
0.695,0.733,0.573,0.053,0.034
0.658,0.693,0.571,0.017,0.015
0.856,0.473,0.391,0.083,0.0
0.893,0.474,0.344,0.051,0.032
0.833,0.538,0.4,0.039,0.015
0.878,0.462,0.313,0.065,0.01
0.891,0.518,0.366,0.062,0.084
0.86,0.543,0.339,0.074,0.005
0.849,0.465,0.32,0.039,0.083
0.858,0.48,0.321,0.056,0.021
0.847,0.489,0.409,0.023,0.0
0.871,0.502,0.323,0.02,0.077
0.887,0.537,0.314,0.05,0.078
0.917,0.546,0.387,0.096,0.079
0.834,0.494,0.335,0.077,0.016
0.88,0.515,0.394,0.045,0.026
0.844,0.519,0.371,0.081,0.086
0.83,0.539,0.372,0.009,0.073
0.882,0.543,0.357,0.001,0.036
0.845,0.456,0.374,0.095,0.014
0.884,0.46,0.409,0.043,0.016
0.837,0.483,0.345,0.071,0.053
0.867,0.506,0.364,0.029,0.099
0.861,0.456,0.345,0.044,0.058
0.852,0.475,0.312,0.032,0.013
0.832,0.489,0.361,0.09,0.053
0.838,0.532,0.369,0.092,0.004
0.928,0.477,0.4,0.01,0.026
0.884,0.517,0.37,0.021,0.054
0.903,0.493,0.387,0.017,0.038
0.847,0.48,0.319,0.012,0.062
0.831,0.465,0.317,0.061,0.022
0.87,0.461,0.389,0.084,0.066
0.895,0.498,0.312,0.002,0.006
0.88,0.52,0.341,0.02,0.087
0.878,0.517,0.36,0.075,0.083
0.832,0.479,0.392,0.075,0.08
0.873,0.462,0.387,0.056,0.016
0.915,0.555,0.334,0.007,0.027
0.916,0.554,0.364,0.094,0.081
0.836,0.497,0.352,0.041,0.077
0.848,0.527,0.398,0.029,0.094
0.926,0.476,0.315,0.022,0.035
0.896,0.499,0.372,0.024,0.007
0.848,0.526,0.374,0.082,0.086
0.83,0.477,0.354,0.065,0.033
0.874,0.504,0.364,0.01,0.086
0.86,0.46,0.353,0.021,0.079
0.889,0.544,0.337,0.028,0.037
0.858,0.497,0.37,0.009,0.085
0.855,0.508,0.342,0.039,0.024
0.835,0.539,0.394,0.083,0.027
0.844,0.492,0.396,0.01,0.06
0.898,0.501,0.396,0.027,0.037
0.839,0.464,0.34,0.035,0.055
0.834,0.549,0.407,0.094,0.038
0.845,0.548,0.389,0.042,0.077
0.841,0.472,0.354,0.081,0.017
0.856,0.523,0.343,0.0,0.097
0.877,0.053,0.006,0.883,0.88
0.876,0.074,0.017,0.803,0.907
0.85,0.075,0.046,0.867,0.959
0.888,0.028,0.028,0.867,0.947
0.884,0.081,0.065,0.853,0.944
0.835,0.075,0.098,0.867,0.914
0.86,0.05,0.025,0.835,0.917
0.859,0.03,0.012,0.811,0.948
0.894,0.006,0.06,0.841,0.899
0.852,0.002,0.052,0.861,0.885
0.835,0.073,0.072,0.803,0.947
0.824,0.008,0.003,0.806,0.918
0.824,0.008,0.092,0.867,0.879
0.86,0.074,0.058,0.836,0.886
0.897,0.021,0.007,0.847,0.9
0.82,0.081,0.083,0.857,0.92
0.851,0.024,0.056,0.795,0.881
0.843,0.036,0.046,0.796,0.923
0.876,0.026,0.075,0.84,0.95
0.809,0.062,0.098,0.84,0.934
0.821,0.011,0.018,0.856,0.893
0.836,0.083,0.066,0.852,0.927
0.863,0.074,0.038,0.806,0.926
0.896,0.1,0.012,0.867,0.915
0.814,0.071,0.06,0.84,0.966
0.852,0.054,0.06,0.831,0.945
0.88,0.069,0.034,0.843,0.887
0.822,0.059,0.011,0.794,0.92
0.843,0.029,0.064,0.832,0.905
0.828,0.061,0.015,0.803,0.97
0.867,0.01,0.074,0.847,0.894
0.883,0.061,0.099,0.819,0.916
0.816,0.052,0.1,0.812,0.947
0.877,0.011,0.022,0.858,0.913
0.887,0.051,0.052,0.853,0.923
0.87,0.084,0.089,0.841,0.886
0.872,0.08,0.055,0.793,0.943
0.877,0.017,0.027,0.821,0.896
0.852,0.047,0.021,0.844,0.976
0.884,0.004,0.029,0.818,0.929
0.817,0.024,0.037,0.838,0.929
0.892,0.062,0.011,0.817,0.919
0.875,0.076,0.027,0.857,0.878
0.872,0.031,0.008,0.869,0.927
0.867,0.065,0.049,0.842,0.882
0.852,0.08,0.064,0.839,0.897
0.861,0.066,0.023,0.792,0.964
0.828,0.059,0.031,0.833,0.895
0.827,0.077,0.014,0.801,0.911
0.893,0.08,0.022,0.806,0.921
0.831,0.096,0.075,0.822,0.916
0.897,0.079,0.036,0.882,0.964
0.895,0.016,0.036,0.791,0.962
0.87,0.014,0.038,0.886,0.95
0.229,0.034,0.063,0.44,0.472
0.293,0.055,0.082,0.419,0.442
0.285,0.001,0.037,0.441,0.452
0.237,0.056,0.021,0.391,0.479
0.237,0.001,0.048,0.365,0.503
0.248,0.036,0.041,0.459,0.462
0.277,0.01,0.054,0.394,0.486
0.248,0.033,0.024,0.457,0.466
0.261,0.036,0.054,0.417,0.485
0.228,0.059,0.068,0.385,0.475
0.237,0.051,0.035,0.406,0.43
0.283,0.056,0.078,0.401,0.473
0.21,0.024,0.014,0.376,0.425
0.271,0.009,0.05,0.453,0.439
0.717,0.027,0.087,0.872,0.4
0.711,0.029,0.078,0.92,0.398
0.72,0.081,0.05,0.87,0.429
0.768,0.064,0.082,0.917,0.352
0.753,0.005,0.044,0.874,0.429
0.69,0.033,0.034,0.925,0.397
0.744,0.1,0.032,0.937,0.388
0.752,0.05,0.061,0.871,0.44
0.738,0.057,0.028,0.941,0.355
0.741,0.014,0.069,0.872,0.361
0.7,0.094,0.017,0.869,0.357
0.762,0.092,0.083,0.905,0.368
0.78,0.08,0.067,0.878,0.44
0.689,0.04,0.009,0.954,0.379
0.715,0.011,0.099,0.957,0.438
0.731,0.035,0.092,0.939,0.439
0.746,0.093,0.024,0.911,0.385
0.762,0.009,0.046,0.916,0.397
0.695,0.012,0.074,0.954,0.353
0.756,0.097,0.057,0.959,0.399
0.706,0.046,0.017,0.876,0.433
0.729,0.031,0.04,0.923,0.43
0.739,0.076,0.073,0.892,0.425
0.727,0.016,0.098,0.887,0.406
0.779,0.098,0.014,0.945,0.383
0.704,0.077,0.093,0.961,0.405
0.688,0.096,0.002,0.94,0.417
0.775,0.098,0.079,0.896,0.37
0.762,0.043,0.051,0.903,0.363
0.697,0.038,0.064,0.957,0.363
0.685,0.015,0.075,0.877,0.377
0.69,0.08,0.069,0.919,0.419
0.735,0.097,0.084,0.868,0.417
0.696,0.022,0.064,0.868,0.374
0.74,0.084,0.035,0.957,0.359
0.694,0.011,0.013,0.915,0.35
0.755,0.042,0.043,0.871,0.426
0.721,0.067,0.089,0.951,0.39
0.764,0.021,0.1,0.923,0.383
0.689,0.019,0.068,0.912,0.431
0.72,0.063,0.018,0.958,0.424
0.775,0.01,0.081,0.885,0.428
0.712,0.076,0.006,0.947,0.407
0.718,0.007,0.081,0.887,0.408
0.94,0.697,0.08,0.072,0.726
0.93,0.713,0.055,0.08,0.692
0.938,0.771,0.089,0.024,0.747
1.0,0.71,0.007,0.015,0.734
1.0,0.692,0.067,0.055,0.766
0.927,0.773,0.002,0.079,0.772
0.928,0.774,0.014,0.082,0.775
0.991,0.77,0.089,0.066,0.763
1.0,0.758,0.009,0.055,0.698
1.0,0.704,0.063,0.056,0.781
1.0,0.781,0.067,0.058,0.747
0.937,0.703,0.052,0.022,0.719
0.967,0.776,0.052,0.081,0.699
0.97,0.698,0.099,0.092,0.713
0.92,0.763,0.089,0.04,0.753
0.993,0.734,0.016,0.093,0.784
1.0,0.707,0.07,0.08,0.739
0.971,0.782,0.062,0.029,0.69
1.0,0.779,0.099,0.035,0.705
0.953,0.759,0.03,0.056,0.727
0.931,0.696,0.049,0.026,0.774
0.973,0.756,0.054,0.004,0.697
0.999,0.697,0.064,0.024,0.724
0.98,0.747,0.041,0.048,0.699
0.947,0.696,0.048,0.033,0.772
0.994,0.7,0.018,0.044,0.755
1.0,0.689,0.028,0.009,0.694
1.0,0.739,0.084,0.027,0.761
0.999,0.756,0.055,0.051,0.776
1.0,0.697,0.021,0.015,0.76
0.99,0.697,0.041,0.01,0.76
0.933,0.688,0.078,0.005,0.722
0.938,0.718,0.06,0.084,0.768
0.953,0.692,0.022,0.001,0.718
1.0,0.731,0.097,0.073,0.747
0.948,0.725,0.015,0.062,0.762
0.924,0.78,0.006,0.068,0.698
0.678,0.446,0.937,0.006,0.015
0.709,0.452,0.934,0.092,0.063
0.73,0.434,0.951,0.023,0.055
0.686,0.467,0.982,0.006,0.093
0.733,0.426,1.0,0.058,0.093
0.699,0.46,1.0,0.024,0.08
0.681,0.458,0.98,0.062,0.062
0.675,0.457,0.93,0.034,0.048
0.733,0.477,1.0,0.066,0.024
0.74,0.471,1.0,0.079,0.046
0.735,0.462,0.978,0.016,0.032
0.747,0.464,0.999,0.045,0.088
0.705,0.443,0.94,0.026,0.041
0.7,0.511,0.954,0.03,0.08
0.67,0.463,0.96,0.0,0.074
0.67,0.468,0.978,0.07,0.059
0.67,0.499,1.0,0.054,0.025
0.743,0.505,0.942,0.085,0.073
0.712,0.44,0.963,0.064,0.003
0.657,0.438,0.953,0.05,0.039
0.706,0.494,1.0,0.066,0.096
0.744,0.454,0.97,0.055,0.007
0.735,0.499,0.999,0.073,0.083
0.672,0.423,0.962,0.09,0.032
0.748,0.483,1.0,0.067,0.02
0.704,0.449,0.959,0.073,0.096
0.682,0.505,1.0,0.097,0.041
0.675,0.472,0.986,0.065,0.044
0.719,0.506,0.967,0.028,0.02
0.738,0.426,1.0,0.068,0.074
0.681,0.453,0.993,0.039,0.017
0.692,0.501,1.0,0.086,0.094
0.699,0.5,0.934,0.011,0.038
0.745,0.424,0.999,0.061,0.045
0.756,0.433,0.973,0.0,0.096
0.741,0.439,0.971,0.072,0.052
0.725,0.459,0.954,0.022,0.037
0.664,0.457,1.0,0.031,0.025
0.697,0.481,0.959,0.025,0.026
0.712,0.458,0.968,0.038,0.002
0.718,0.488,0.962,0.056,0.049
0.688,0.502,0.938,0.073,0.063
0.666,0.415,0.989,0.005,0.036
0.678,0.42,0.978,0.003,0.051
0.712,0.444,0.982,0.066,0.064
0.736,0.474,0.998,0.051,0.068
0.874,0.9,0.807,0.056,0.021
0.954,0.861,0.828,0.032,0.018
0.914,0.83,0.78,0.036,0.048
0.958,0.873,0.84,0.052,0.077
0.95,0.861,0.791,0.017,0.069
0.883,0.906,0.862,0.079,0.093
0.935,0.899,0.825,0.011,0.064
0.96,0.849,0.849,0.076,0.091
0.96,0.863,0.847,0.017,0.074
0.936,0.913,0.778,0.014,0.029
0.936,0.874,0.774,0.089,0.01
0.871,0.835,0.863,0.068,0.098
0.922,0.827,0.836,0.088,0.066
0.933,0.846,0.77,0.061,0.063
0.933,0.828,0.812,0.085,0.084
0.878,0.913,0.812,0.059,0.099
0.909,0.82,0.794,0.086,0.025
0.962,0.863,0.791,0.086,0.028
0.964,0.857,0.804,0.074,0.016
0.876,0.9,0.854,0.017,0.048
0.869,0.845,0.851,0.084,0.06
0.875,0.904,0.826,0.017,0.027
0.874,0.912,0.845,0.0,0.029
0.942,0.851,0.781,0.028,0.043
0.917,0.84,0.778,0.082,0.009
0.885,0.854,0.845,0.001,0.022
0.938,0.819,0.793,0.035,0.08
0.893,0.857,0.833,0.094,0.044
0.93,0.888,0.834,0.039,0.089
0.947,0.891,0.805,0.0,0.01
0.965,0.887,0.796,0.043,0.054
0.877,0.87,0.839,0.095,0.053
0.964,0.884,0.797,0.075,0.08
0.905,0.853,0.781,0.046,0.011
0.879,0.9,0.792,0.001,0.077
0.936,0.836,0.828,0.014,0.027
0.877,0.911,0.799,0.073,0.003
0.954,0.826,0.842,0.055,0.094
0.935,0.842,0.849,0.059,0.096
0.94,0.868,0.841,0.032,0.057
0.895,0.902,0.805,0.061,0.058
0.913,0.912,0.825,0.034,0.047
0.89,0.839,0.799,0.065,0.015
0.893,0.838,0.844,0.07,0.07
0.882,0.908,0.842,0.037,0.003
0.876,0.825,0.83,0.091,0.083
0.923,0.838,0.786,0.062,0.04
0.963,0.896,0.867,0.091,0.046
0.927,0.852,0.814,0.013,0.052
0.895,0.865,0.782,0.059,0.06
0.911,0.816,0.81,0.1,0.041
0.899,0.836,0.83,0.071,0.03
0.892,0.815,0.849,0.037,0.007
0.96,0.895,0.016,0.057,0.835
0.92,0.904,0.025,0.025,0.888
0.923,0.924,0.067,0.096,0.829
0.958,0.909,0.056,0.057,0.864
0.915,0.895,0.013,0.072,0.842
0.931,0.993,0.016,0.064,0.83
0.985,0.953,0.013,0.0,0.845
0.9,0.926,0.063,0.07,0.888
0.92,0.965,0.033,0.019,0.872
0.952,0.942,0.008,0.01,0.892
0.982,0.932,0.098,0.015,0.841
0.905,0.938,0.024,0.038,0.876
0.946,0.945,0.033,0.088,0.87
0.92,0.985,0.023,0.045,0.837
0.909,0.951,0.025,0.037,0.843
0.972,0.91,0.079,0.074,0.907
0.927,0.957,0.084,0.005,0.842
0.964,0.992,0.041,0.064,0.858
0.932,0.91,0.086,0.0,0.868
0.914,0.911,0.036,0.092,0.871
0.913,0.934,0.05,0.021,0.882
0.897,0.992,0.019,0.086,0.911
0.935,0.941,0.063,0.019,0.887
0.929,0.966,0.076,0.014,0.868
0.936,0.903,0.042,0.014,0.826
0.932,0.909,0.1,0.024,0.841
0.934,0.921,0.06,0.06,0.864
0.917,0.987,0.05,0.061,0.835
0.922,0.938,0.02,0.09,0.89
0.989,0.963,0.043,0.054,0.848
0.91,0.977,0.048,0.058,0.819
0.94,0.958,0.099,0.027,0.856
0.899,0.958,0.098,0.034,0.879
0.989,0.961,0.062,0.024,0.837
0.925,0.954,0.084,0.08,0.816
0.935,0.928,0.085,0.004,0.859
0.936,0.898,0.039,0.075,0.825
0.917,0.927,0.089,0.058,0.829
0.962,0.962,0.098,0.038,0.836
0.969,0.948,0.043,0.017,0.902
0.741,0.753,0.015,0.098,0.462
0.699,0.669,0.092,0.089,0.465
0.7,0.746,0.012,0.021,0.434
0.714,0.692,0.076,0.02,0.44
0.776,0.728,0.007,0.01,0.442
0.75,0.677,0.058,0.091,0.426
0.719,0.693,0.059,0.013,0.418
0.744,0.763,0.03,0.023,0.378
0.701,0.755,0.09,0.04,0.386
0.778,0.692,0.063,0.033,0.415
0.712,0.716,0.02,0.035,0.443
0.791,0.745,0.034,0.087,0.416
0.746,0.692,0.016,0.061,0.455
0.762,0.72,0.062,0.055,0.461
0.762,0.76,0.05,0.08,0.419
0.701,0.717,0.034,0.095,0.436
0.745,0.703,0.077,0.007,0.37
0.792,0.709,0.068,0.003,0.372
0.738,0.692,0.044,0.001,0.367
0.747,0.73,0.052,0.041,0.438
0.735,0.705,0.026,0.066,0.422
0.694,0.728,0.094,0.061,0.417
0.707,0.688,0.018,0.073,0.462
0.762,0.73,0.02,0.022,0.456
0.728,0.691,0.076,0.052,0.413
0.781,0.729,0.021,0.002,0.458
0.778,0.667,0.064,0.092,0.425
0.705,0.698,0.042,0.039,0.422
0.695,0.751,0.061,0.065,0.375
0.791,0.742,0.016,0.079,0.412
0.765,0.736,0.048,0.022,0.386
0.761,0.755,0.016,0.072,0.375
0.769,0.758,0.022,0.048,0.393
0.771,0.687,0.047,0.04,0.459
0.735,0.712,0.096,0.099,0.392
0.711,0.695,0.049,0.032,0.433
0.759,0.759,0.01,0.091,0.379
0.787,0.732,0.061,0.091,0.405
0.745,0.689,0.023,0.051,0.389
0.719,0.725,0.0,0.006,0.374
0.755,0.708,0.089,0.08,0.417
0.737,0.685,0.086,0.092,0.388
0.782,0.672,0.04,0.077,0.419
0.722,0.666,0.022,0.045,0.382
0.745,0.675,0.013,0.03,0.421
0.743,0.757,0.015,0.097,0.441
0.73,0.757,0.073,0.066,0.464
0.745,0.748,0.096,0.023,0.418
0.778,0.726,0.033,0.061,0.365
0.776,0.74,0.029,0.098,0.4
0.705,0.689,0.027,0.074,0.384
0.698,0.696,0.093,0.041,0.365
0.777,0.76,0.093,0.022,0.426
0.748,0.726,0.09,0.092,0.408
0.771,0.696,0.046,0.017,0.456
0.723,0.741,0.008,0.06,0.422
0.943,0.042,0.035,0.943,0.382
0.944,0.032,0.068,0.921,0.347
0.973,0.076,0.07,0.892,0.345
0.965,0.095,0.001,0.962,0.402
0.983,0.043,0.083,0.967,0.434
0.997,0.032,0.054,0.892,0.342
0.968,0.098,0.016,0.975,0.366
0.97,0.081,0.092,0.952,0.368
0.969,0.04,0.033,0.884,0.432
0.974,0.025,0.049,0.978,0.388
0.959,0.031,0.022,0.976,0.378
1.0,0.013,0.084,0.961,0.356
0.942,0.01,0.032,0.933,0.389
0.92,0.088,0.083,0.913,0.4
0.958,0.041,0.064,0.923,0.384
0.938,0.098,0.065,0.894,0.347
0.941,0.03,0.093,0.904,0.433
0.943,0.077,0.018,0.888,0.34
0.959,0.048,0.069,0.962,0.368
0.992,0.083,0.007,0.929,0.397
0.935,0.047,0.086,0.926,0.435
0.958,0.095,0.071,0.968,0.346
0.945,0.001,0.008,0.907,0.374
0.914,0.033,0.094,0.936,0.434
0.995,0.059,0.073,0.943,0.415
0.921,0.09,0.036,0.948,0.427
0.94,0.078,0.053,0.897,0.397
0.998,0.057,0.034,0.917,0.336
0.928,0.049,0.063,0.909,0.427
1.0,0.004,0.069,0.898,0.419
1.0,0.053,0.054,0.889,0.352
0.957,0.094,0.086,0.944,0.354
0.994,0.008,0.023,0.939,0.404
0.96,0.011,0.094,0.92,0.403
0.978,0.066,0.099,0.904,0.406
0.99,0.025,0.099,0.963,0.429
0.923,0.088,0.052,0.919,0.4
0.996,0.078,0.019,0.931,0.429
0.993,0.045,0.017,0.911,0.342
0.956,0.091,0.037,0.97,0.367
0.978,0.098,0.09,0.979,0.365
0.969,0.054,0.076,0.892,0.381
1.0,0.072,0.075,0.909,0.352
0.913,0.093,0.082,0.938,0.418
0.967,0.014,0.068,0.964,0.404
0.947,0.048,0.093,0.974,0.435
0.997,0.028,0.055,0.955,0.355
0.913,0.025,0.043,0.922,0.368
0.97,0.005,0.091,0.945,0.372
0.921,0.016,0.094,0.96,0.361
0.931,0.04,0.05,0.927,0.387
0.957,0.058,0.056,0.894,0.343
0.709,0.99,0.72,0.098,0.069
0.697,0.984,0.704,0.049,0.048
0.668,1.0,0.676,0.056,0.084
0.673,1.0,0.657,0.032,0.008
0.655,0.949,0.74,0.039,0.086
0.712,1.0,0.697,0.065,0.087
0.704,1.0,0.709,0.036,0.066
0.683,0.995,0.665,0.04,0.018
0.666,0.949,0.69,0.001,0.027
0.728,1.0,0.72,0.006,0.065
0.751,0.969,0.672,0.022,0.008
0.712,1.0,0.73,0.022,0.061
0.703,1.0,0.729,0.02,0.08
0.667,1.0,0.735,0.026,0.062
0.688,0.975,0.688,0.086,0.069
0.682,1.0,0.65,0.02,0.002
0.654,0.98,0.679,0.084,0.073
0.667,0.998,0.702,0.046,0.046
0.676,1.0,0.686,0.061,0.009
0.711,1.0,0.641,0.043,0.065
0.735,1.0,0.641,0.005,0.084
0.738,0.98,0.736,0.038,0.097
0.691,1.0,0.686,0.07,0.071
0.691,1.0,0.711,0.067,0.038
0.728,1.0,0.67,0.005,0.031
0.669,0.982,0.723,0.043,0.015
0.655,0.996,0.707,0.009,0.059
0.675,0.996,0.652,0.045,0.093
0.694,1.0,0.713,0.003,0.099
0.75,1.0,0.735,0.074,0.046
0.683,0.944,0.677,0.038,0.033
0.73,0.969,0.657,0.01,0.002
0.681,0.97,0.695,0.093,0.024
0.745,0.949,0.658,0.047,0.048
0.718,0.985,0.658,0.057,0.003
0.661,1.0,0.692,0.014,0.063
0.66,0.966,0.699,0.044,0.042
0.713,1.0,0.675,0.002,0.044
0.671,0.993,0.644,0.052,0.075
0.741,1.0,0.7,0.079,0.013
0.693,0.973,0.716,0.022,0.029
0.67,0.971,0.649,0.021,0.088
0.699,0.994,0.739,0.005,0.012
0.661,0.948,0.737,0.031,0.025
0.701,1.0,0.659,0.08,0.074
0.736,1.0,0.655,0.059,0.014
0.728,0.977,0.721,0.082,0.029
0.669,0.954,0.674,0.051,0.027
0.751,0.964,0.716,0.046,0.073
0.667,1.0,0.66,0.096,0.08
0.7,0.0,0.938,0.448,0.093
0.725,0.005,0.996,0.494,0.045
0.666,0.092,0.978,0.525,0.055
0.654,0.053,1.0,0.522,0.011
0.709,0.061,0.944,0.454,0.091
0.733,0.037,0.958,0.48,0.09
0.696,0.019,0.999,0.47,0.025
0.684,0.076,1.0,0.44,0.095
0.716,0.086,0.977,0.46,0.036
0.696,0.067,0.968,0.479,0.053
0.696,0.088,1.0,0.457,0.048
0.72,0.072,0.971,0.501,0.034
0.715,0.05,0.966,0.519,0.015
0.696,0.018,0.937,0.511,0.037
0.716,0.066,1.0,0.528,0.002
0.749,0.02,1.0,0.464,0.085
0.663,0.015,0.966,0.527,0.068
0.743,0.099,0.951,0.528,0.078
0.746,0.098,0.961,0.444,0.046
0.669,0.072,0.979,0.502,0.071
0.717,0.003,1.0,0.479,0.028
0.692,0.029,1.0,0.507,0.055
0.713,0.072,0.966,0.483,0.071
0.73,0.0,1.0,0.457,0.038
0.714,0.084,1.0,0.497,0.048
0.69,0.006,0.965,0.52,0.082
0.744,0.071,1.0,0.528,0.06
0.654,0.096,0.965,0.443,0.011
0.68,0.002,0.964,0.451,0.007
0.796,0.448,0.009,0.011,0.33
0.809,0.481,0.096,0.093,0.304
0.84,0.45,0.089,0.021,0.308
0.836,0.45,0.095,0.05,0.282
0.794,0.432,0.072,0.06,0.281
0.807,0.461,0.016,0.061,0.354
0.812,0.47,0.073,0.053,0.339
0.768,0.499,0.069,0.04,0.344
0.851,0.491,0.078,0.086,0.35
0.826,0.434,0.015,0.056,0.266
0.826,0.476,0.076,0.06,0.314
0.808,0.475,0.055,0.098,0.296
0.82,0.525,0.076,0.083,0.27
0.846,0.525,0.034,0.016,0.26
0.78,0.495,0.05,0.031,0.356
0.775,0.489,0.013,0.032,0.29
0.794,0.476,0.074,0.076,0.351
0.793,0.494,0.004,0.063,0.355
0.788,0.515,0.085,0.035,0.289
0.856,0.497,0.012,0.094,0.31
0.793,0.476,0.063,0.052,0.276
0.799,0.501,0.085,0.055,0.294
0.855,0.492,0.088,0.014,0.298
0.855,0.499,0.083,0.027,0.294
0.813,0.476,0.079,0.028,0.335
0.859,0.467,0.034,0.017,0.294
0.801,0.516,0.011,0.098,0.284
0.807,0.49,0.069,0.053,0.321
0.853,0.506,0.078,0.023,0.263
0.84,0.5,0.009,0.027,0.332
0.839,0.455,0.034,0.016,0.318
0.78,0.469,0.082,0.073,0.281
0.841,0.471,0.077,0.041,0.299
0.848,0.431,0.032,0.058,0.292
0.836,0.522,0.068,0.034,0.284
0.795,0.475,0.1,0.067,0.351
0.761,0.434,0.061,0.096,0.312
0.844,0.524,0.066,0.003,0.258
0.776,0.499,0.052,0.043,0.277
0.821,0.501,0.003,0.069,0.334
0.311,0.32,0.052,0.075,0.569
0.294,0.309,0.027,0.053,0.555
0.342,0.35,0.052,0.082,0.501
0.322,0.38,0.052,0.049,0.551
0.292,0.369,0.046,0.029,0.551
0.258,0.33,0.026,0.089,0.558
0.269,0.307,0.089,0.084,0.57
0.317,0.301,0.068,0.068,0.585
0.251,0.337,0.029,0.093,0.561
0.313,0.327,0.032,0.09,0.514
0.308,0.386,0.041,0.077,0.551
0.328,0.333,0.018,0.095,0.528
0.309,0.323,0.064,0.052,0.518
0.267,0.329,0.003,0.009,0.594
0.291,0.298,0.085,0.008,0.544
0.297,0.368,0.013,0.06,0.538
0.337,0.394,0.01,0.068,0.575
0.314,0.328,0.034,0.023,0.599
0.252,0.298,0.049,0.048,0.519
0.285,0.381,0.055,0.001,0.51
0.288,0.35,0.081,0.065,0.552
0.255,0.353,0.019,0.057,0.505
0.294,0.394,0.03,0.03,0.562
0.323,0.387,0.084,0.081,0.517
0.275,0.315,0.059,0.066,0.581
0.315,0.307,0.029,0.085,0.542
0.281,0.355,0.061,0.087,0.565
0.331,0.38,0.1,0.082,0.575
0.276,0.386,0.05,0.046,0.509
0.331,0.365,0.092,0.029,0.581
0.327,0.359,0.021,0.082,0.556
0.274,0.352,0.028,0.089,0.507
0.32,0.36,0.058,0.008,0.538
0.283,0.312,0.053,0.092,0.524
0.29,0.34,0.031,0.008,0.503
0.309,0.35,0.028,0.091,0.513
0.297,0.388,0.051,0.028,0.56
0.284,0.384,0.013,0.012,0.506
0.263,0.323,0.089,0.099,0.545
0.253,0.368,0.095,0.004,0.504
0.329,0.343,0.097,0.065,0.534
0.277,0.386,0.068,0.025,0.538
0.311,0.354,0.041,0.083,0.501
0.278,0.303,0.002,0.076,0.57
0.283,0.319,0.01,0.01,0.548
0.299,0.304,0.058,0.001,0.588
0.23,0.95,0.896,0.035,0.096
0.147,0.901,0.959,0.035,0.007
0.213,0.886,0.977,0.092,0.049
0.19,0.943,0.951,0.093,0.077
0.148,0.919,0.919,0.066,0.046
0.214,0.95,0.968,0.047,0.006
0.211,0.887,0.904,0.023,0.06
0.176,0.918,0.92,0.091,0.045
0.176,0.933,0.92,0.011,0.023
0.207,0.864,0.979,0.076,0.043
0.234,0.899,0.915,0.084,0.039
0.228,0.88,0.966,0.017,0.075
0.153,0.958,0.939,0.098,0.083
0.184,0.905,0.904,0.067,0.093
0.195,0.881,0.977,0.008,0.06
0.195,0.911,0.965,0.066,0.096
0.174,0.957,0.968,0.047,0.005
0.166,0.916,0.961,0.037,0.019
0.165,0.879,0.945,0.021,0.069
0.225,0.872,0.886,0.039,0.065
0.159,0.962,0.907,0.008,0.033
0.215,0.884,0.951,0.03,0.014
0.143,0.942,0.969,0.072,0.003
0.22,0.943,0.976,0.043,0.032
0.165,0.906,0.963,0.065,0.098
0.157,0.863,0.966,0.041,0.062
0.232,0.953,0.891,0.032,0.063
0.214,0.893,0.953,0.034,0.037
0.227,0.914,0.895,0.047,0.064
0.175,0.871,0.951,0.048,0.049
0.154,0.939,0.942,0.067,0.074
0.197,0.923,0.944,0.072,0.063
0.228,0.909,0.919,0.066,0.012
0.141,0.93,0.975,0.086,0.024
0.175,0.886,0.894,0.062,0.087
0.212,0.927,0.981,0.018,0.018
0.165,0.87,0.887,0.089,0.0
0.185,0.918,0.903,0.012,0.051
0.236,0.888,0.915,0.066,0.07
0.142,0.907,0.941,0.065,0.027
0.213,0.895,0.948,0.096,0.01
0.18,0.943,0.914,0.04,0.031
0.237,0.925,0.932,0.049,0.077
0.217,0.887,0.908,0.009,0.047
0.199,0.942,0.909,0.046,0.033
0.188,0.921,0.936,0.031,0.023
0.156,0.94,0.936,0.049,0.096
0.215,0.876,0.905,0.061,0.06
0.232,0.926,0.938,0.063,0.031
0.725,0.08,0.031,0.81,0.464
0.714,0.059,0.093,0.823,0.471
0.764,0.075,0.072,0.802,0.46
0.764,0.021,0.071,0.825,0.505
0.714,0.095,0.021,0.776,0.475
0.719,0.012,0.057,0.842,0.502
0.701,0.092,0.038,0.807,0.471
0.707,0.066,0.016,0.829,0.461
0.735,0.086,0.076,0.785,0.492
0.763,0.037,0.074,0.793,0.422
0.75,0.051,0.068,0.759,0.476
0.688,0.013,0.09,0.772,0.501
0.777,0.06,0.003,0.831,0.496
0.756,0.032,0.069,0.816,0.425
0.723,0.054,0.013,0.795,0.476
0.772,0.001,0.073,0.759,0.436
0.717,0.03,0.021,0.805,0.481
0.767,0.065,0.02,0.811,0.466
0.681,0.06,0.089,0.789,0.412
0.759,0.024,0.055,0.821,0.479
0.703,0.031,0.044,0.817,0.5
0.763,0.075,0.049,0.803,0.432
0.776,0.013,0.029,0.799,0.468
0.777,0.014,0.07,0.818,0.508
0.691,0.014,0.069,0.781,0.497
0.692,0.032,0.022,0.828,0.416
0.759,0.07,0.08,0.761,0.42
0.718,0.074,0.008,0.849,0.464
0.696,0.083,0.041,0.777,0.483
0.717,0.048,0.003,0.764,0.432
0.684,0.023,0.059,0.857,0.496
0.711,0.034,0.061,0.843,0.425
0.734,0.091,0.089,0.855,0.506
0.734,0.022,0.063,0.825,0.412
0.765,0.059,0.071,0.773,0.496
0.709,0.071,0.062,0.826,0.436
0.767,0.037,0.081,0.834,0.478
0.761,0.076,0.067,0.825,0.461
0.726,0.07,0.045,0.794,0.456
0.717,0.063,0.05,0.778,0.51
0.771,0.019,0.057,0.778,0.443
0.758,0.021,0.048,0.854,0.427
0.734,0.064,0.098,0.787,0.503
0.777,0.081,0.049,0.844,0.42
0.774,0.062,0.001,0.806,0.437
0.729,0.078,0.001,0.832,0.436
0.734,0.013,0.011,0.841,0.496
0.717,0.096,0.084,0.836,0.473
0.761,0.906,0.022,0.046,0.557
0.726,0.861,0.048,0.03,0.495
0.757,0.846,0.048,0.049,0.532
0.738,0.925,0.082,0.076,0.497
0.805,0.928,0.067,0.016,0.472
0.732,0.84,0.098,0.057,0.512
0.771,0.88,0.045,0.042,0.534
0.729,0.856,0.006,0.014,0.472
0.753,0.909,0.037,0.056,0.543
0.79,0.916,0.042,0.056,0.481
0.809,0.891,0.01,0.031,0.558
0.735,0.899,0.051,0.042,0.559
0.721,0.847,0.077,0.013,0.569
0.781,0.874,0.074,0.046,0.537
0.726,0.847,0.042,0.096,0.543
0.794,0.866,0.033,0.003,0.566
0.818,0.926,0.065,0.022,0.477
0.765,0.858,0.002,0.004,0.531
0.763,0.837,0.08,0.032,0.541
0.731,0.886,0.081,0.077,0.543
0.763,0.844,0.052,0.075,0.562
0.805,0.908,0.1,0.042,0.475
0.758,0.87,0.033,0.095,0.474
0.758,0.861,0.043,0.071,0.48
0.769,0.908,0.035,0.074,0.549
0.781,0.861,0.069,0.041,0.569
0.756,0.911,0.073,0.067,0.503
0.747,0.898,0.039,0.017,0.475
0.787,0.868,0.008,0.099,0.54
0.768,0.839,0.053,0.018,0.479
0.726,0.924,0.027,0.058,0.496
0.725,0.922,0.084,0.02,0.53
0.743,0.878,0.014,0.08,0.539
0.744,0.856,0.076,0.008,0.548
0.764,0.841,0.083,0.021,0.485
0.727,0.921,0.024,0.019,0.471
0.725,0.882,0.096,0.086,0.541
0.735,0.925,0.005,0.048,0.556
0.781,0.873,0.086,0.007,0.498
0.721,0.915,0.032,0.012,0.498
0.761,0.833,0.051,0.065,0.486
0.79,0.878,0.093,0.004,0.553
0.784,0.876,0.007,0.088,0.506
0.749,0.886,0.077,0.059,0.506
0.801,0.835,0.076,0.094,0.521
0.787,0.844,0.058,0.007,0.527
0.763,0.855,0.005,0.086,0.568
0.812,0.881,0.0,0.046,0.498
0.78,0.834,0.07,0.042,0.495
0.798,0.844,0.029,0.085,0.474
0.771,0.843,0.069,0.027,0.507
0.745,0.913,0.079,0.051,0.477
0.741,0.862,0.04,0.056,0.474
0.747,0.869,0.056,0.011,0.524
0.755,0.88,0.014,0.089,0.499
0.127,0.811,0.367,0.085,0.057
0.121,0.769,0.281,0.005,0.085
0.114,0.746,0.334,0.009,0.0
0.192,0.78,0.348,0.003,0.002
0.169,0.807,0.358,0.01,0.014
0.15,0.804,0.322,0.026,0.084
0.199,0.79,0.323,0.026,0.078
0.137,0.779,0.371,0.065,0.024
0.191,0.819,0.356,0.08,0.016
0.122,0.792,0.346,0.088,0.038
0.199,0.782,0.327,0.094,0.077
0.134,0.824,0.372,0.014,0.093
0.302,0.051,0.493,0.61,0.041
0.275,0.031,0.407,0.559,0.079
0.269,0.089,0.416,0.642,0.077
0.269,0.003,0.429,0.583,0.014
0.343,0.087,0.447,0.626,0.05
0.268,0.041,0.472,0.565,0.035
0.319,0.074,0.496,0.6,0.088
0.276,0.012,0.477,0.57,0.013
0.29,0.071,0.459,0.578,0.013
0.305,0.014,0.483,0.64,0.063
0.254,0.036,0.415,0.608,0.015
0.274,0.016,0.487,0.627,0.093
0.841,0.537,0.709,0.053,0.046
0.776,0.533,0.693,0.006,0.06
0.802,0.544,0.642,0.058,0.063
0.857,0.533,0.684,0.014,0.084
0.82,0.579,0.66,0.028,0.017
0.781,0.553,0.691,0.099,0.053
0.872,0.599,0.666,0.048,0.089
0.844,0.605,0.66,0.011,0.094
0.851,0.579,0.651,0.069,0.001
0.8,0.534,0.631,0.069,0.041
0.839,0.588,0.721,0.086,0.008
0.854,0.588,0.645,0.097,0.051
0.795,0.529,0.634,0.092,0.043
0.785,0.544,0.63,0.043,0.04
0.781,0.627,0.706,0.1,0.004
0.822,0.592,0.707,0.008,0.096
0.818,0.574,0.637,0.058,0.015
0.793,0.55,0.63,0.014,0.092
0.855,0.584,0.662,0.036,0.026
0.779,0.609,0.714,0.048,0.026
0.829,0.552,0.671,0.017,0.056
0.866,0.6,0.656,0.092,0.011
0.841,0.621,0.689,0.041,0.051
0.84,0.616,0.629,0.088,0.083
0.834,0.626,0.657,0.08,0.063
0.778,0.542,0.646,0.028,0.022
0.861,0.538,0.706,0.033,0.036
0.804,0.617,0.675,0.022,0.096
0.86,0.622,0.652,0.099,0.006
0.827,0.589,0.676,0.043,0.092
0.844,0.575,0.714,0.019,0.009
0.854,0.543,0.653,0.082,0.028
0.856,0.584,0.641,0.052,0.05
0.854,0.542,0.707,0.034,0.006
0.818,0.618,0.64,0.087,0.009
0.862,0.616,0.686,0.067,0.031
0.841,0.6,0.656,0.034,0.062
0.785,0.58,0.646,0.065,0.076
0.829,0.538,0.703,0.013,0.088
0.866,0.613,0.722,0.032,0.019
0.83,0.603,0.7,0.033,0.048
0.793,0.544,0.712,0.05,0.032
0.851,0.61,0.658,0.081,0.094
0.848,0.612,0.634,0.01,0.073
0.84,0.531,0.653,0.095,0.099
0.799,0.561,0.664,0.064,0.02
0.796,0.562,0.691,0.095,0.021
0.837,0.611,0.655,0.039,0.084
0.823,0.537,0.699,0.056,0.057
0.862,0.573,0.662,0.009,0.028
0.822,0.553,0.684,0.017,0.071
0.869,0.546,0.688,0.016,0.004
0.82,0.556,0.638,0.006,0.038
0.803,0.599,0.723,0.083,0.011
0.806,0.586,0.714,0.051,0.014
0.841,0.562,0.639,0.081,0.048
0.797,0.609,0.713,0.019,0.041
0.84,0.54,0.643,0.022,0.087
